School,Coach 1,Coach 2,Coach 3
Blacksburg HS,ian@emmons.mobi,karen@emmons.mobi
Briar Woods HS
Broad Run HS
Centreville HS
Chantilly HS
Charlottesville HS
Deep Creek HS
Episcopal HS
Fairfax HS
Flint Hill School
Freedom HS
Hayfield SS
Hidden Valley HS
Independence HS
J.R. Tucker HS
James Madison HS
John Champe HS
John R. Lewis HS
Justice HS
Lake Braddock HS
Langley HS
Marshall HS
Mclean HS
Oakcrest School
Oakton HS
Osbourn Park HS
Patriot HS
Pinnacle Academy
Potomac Falls HS
Powhatan HS
Robinson SS
Rock Ridge HS
South County HS
South Lakes HS
Stafford HS
Staunton HS
Stone Bridge HS
Tandem Friends School
Thomas Edison HS
TJHSST
Vaso Test
West Potomac HS
West Springfield HS
Westfield HS
Woodberry Forest School
Woodson HS
Yorktown HS
Armstrong ES,harsha.a.mehta@gmail.com,kkoutlaw@gmail.com
Basis Independent McLean,sodivabasis@gmail.com
Colvin Run ES,chandranio@gmail.com
Creightons Corner ES,meenal.agrawal@gmail.com
EDLIN School,repp@edlinschool.com
Forestville ES,dseonie@gmail.com
Great Falls ES,scienceolympiad@gfespta.com
Haycock ES,lecitron82@gmail.com
Jamestown ES,sjdonachie@gmail.com
Kent Gardens ES,jeff.shivnen@verizon.net
Lemon Road ES,edunn87@gmail.com,mumuofkimi@yahoo.com
Liberty ES,aparna.vsoliberty@gmail.com
Madisons Trust ES,mtesptascienceolympiad@gmail.com
Navy ES,s_nauhwar@yahoo.com
Nysmith School,andreafriedman1@hotmail.com
Oak Street ES,ptavaresilva@gmail.com
Pinnacle Academy,yarif@pinnacleacademyedu.com
Poplar Tree ES,svidya1@yahoo.com
Providence ES,divisiona@virginiaso.org
Willow Springs ES,nunik25@yahoo.com
