ScilympiadName,CanonicalName
,Alexandria City HS
,BASIS Independent McLean
,Belmont Ridge MS
,Blacksburg HS
Brambleton Middle School,Brambleton MS
Briar Woods High School,Briar Woods HS
,Broad Run HS
,Centreville HS
,Chantilly HS
,Charlottesville HS
Churchill Road ES,Churchill Road ES
,Colin Powell ES
,Colvin Run ES
Cooper Middle School,Cooper MS
,Deep Creek HS
,Dominion Christian HS
,Dominion Christian MS
,Episcopal HS
,Fairfax HS
,Farmwell Station MS
,Floyd E. Kellam HS
,Forestville ES
,Freedom HS
,Frost MS
,George Marshall HS
Glasgow Middle School,Glasgow MS
,Grace E. Metz MS
Great Falls Elementary School,Great Falls ES
,Greenbriar West ES
,Haycock ES
,Independence HS
,J. Michael Lunsford MS
,James Madison HS
John Champe High School,John Champe HS
,Kent Gardens ES
,Kilmer MS
Lake Braddock High School,Lake Braddock HS
,Lake Braddock MS
,Langley HS
,Lemon Road ES
,Lightridge HS
,Longfellow MS
Louise Archer ES,Louise Archer ES
Luther Jackson Middle School,Luther Jackson MS
,McLean HS
McNair Upper ES,McNair Upper ES
,Navy ES
Nysmith School,Nysmith School
,Oak Hill ES
,Oakcrest School
,Oakton HS
,Patriot HS
,Pinnacle Academy
,Poplar Tree ES
,Potomac Falls HS
,Powhatan HS
,Providence ES
,Rachel Carson MS
River Bend Middle School,River Bend MS
,Robinson SS
Rock Ridge High School,Rock Ridge HS
Rocky Run Middle School,Rocky Run MS
,Seneca Ridge MS
,South County HS
,South Lakes HS
Spring Hill Elementary School,Spring Hill ES
,Stafford HS
Stone Bridge High School,Stone Bridge HS
,Stone Hill MS
Thomas Jefferson High School for Science and Technology,TJHSST
,Tandem Friends School
,Thomas Edison HS
,VASO Volunteers
,W.T. Woodson HS
,West Springfield HS
,Westfield HS
,Westminster School
,Willard MS
,Woodberry Forest School
,Yorktown HS
